customer_id,age,income,tenure,monthly_usage,support_calls,contract_type,churn
1,56,97879,40,61,5,1,0
2,69,59859,47,130,4,1,0
3,46,67098,65,311,2,1,0
4,32,137413,29,174,1,0,0
5,60,15526,50,316,0,1,1
6,25,83760,13,189,2,1,0
7,38,62837,1,51,2,1,1
8,56,26536,34,57,3,1,0
9,36,43541,48,299,1,0,0
10,40,94083,48,188,1,1,0
11,28,49531,49,173,1,1,0
12,28,23712,64,277,2,0,1
13,41,119101,61,59,0,0,0
14,53,80455,29,261,1,1,1
15,57,89744,39,161,0,0,0
16,41,144749,26,57,2,0,0
17,20,20109,17,341,1,0,1
18,39,64268,71,302,4,0,1
19,19,69615,13,63,1,0,0
20,41,97503,69,289,0,0,1
21,61,100708,26,291,1,1,0
22,47,117471,49,198,2,1,0
23,55,98309,67,285,0,1,0
24,19,141446,7,216,0,0,0
25,38,121661,58,69,2,1,0
26,50,21154,49,265,5,1,1
27,29,79288,53,184,0,1,0
28,39,66195,65,178,0,0,0
29,61,35581,62,343,0,0,1
30,42,45087,17,295,3,1,0
31,66,84298,43,238,4,1,0
32,44,61167,25,93,3,1,0
33,59,54499,3,135,0,0,1
34,45,140816,29,93,1,0,0
35,33,111347,32,194,3,1,0
36,32,63787,26,100,2,0,0
37,64,50488,16,291,1,1,0
38,68,89441,25,343,1,1,0
39,61,37431,54,100,3,1,1
40,69,76681,28,315,1,0,1
41,20,137720,56,169,2,0,0
42,54,64153,65,249,2,1,0
43,68,21368,41,297,2,1,1
44,24,127360,51,119,0,0,0
45,38,127755,71,106,4,0,1
46,26,71985,29,88,1,0,0
47,56,65069,19,338,1,1,1
48,35,67326,66,67,0,1,0
49,21,123737,41,269,2,1,0
50,42,65861,45,293,0,0,0
51,31,90897,15,347,1,1,0
52,67,142118,3,332,2,0,0
53,26,83577,11,123,1,0,0
54,43,24078,53,159,0,1,0
55,19,77768,46,229,2,0,0
56,37,66047,30,81,0,0,1
57,45,86626,57,283,0,1,0
58,64,72660,18,331,2,0,0
59,24,147997,51,74,1,0,0
60,61,132832,48,328,3,0,1
61,25,145406,66,275,3,0,0
62,64,140150,8,106,0,1,0
63,52,48320,22,229,0,0,1
64,31,79881,6,281,2,1,1
65,34,105827,57,336,4,0,1
66,53,117215,36,113,1,0,0
67,67,149461,57,281,3,0,1
68,57,76550,49,338,0,1,0
69,21,39826,45,262,3,0,1
70,19,115734,66,307,2,1,0
71,23,113511,45,67,2,0,0
72,59,26653,20,224,4,1,1
73,21,96941,64,278,1,1,0
74,46,48662,67,275,3,1,1
75,35,113818,3,133,0,1,1
76,43,110081,54,340,1,1,0
77,61,51877,64,295,1,1,0
78,51,126562,40,159,2,0,0
79,27,87715,59,303,1,0,1
80,53,125091,55,137,0,1,0
81,31,147632,62,121,2,0,0
82,48,94148,4,79,3,0,1
83,65,98186,60,221,1,0,1
84,32,138629,30,226,3,0,0
85,25,85316,2,188,1,1,0
86,31,43380,62,243,1,0,1
87,40,125198,49,235,5,1,0
88,57,17356,9,267,2,1,0
89,38,85326,31,213,0,1,0
90,33,107447,61,210,3,0,0
91,62,129994,48,62,0,0,0
92,35,35049,25,345,1,1,1
93,64,120361,36,138,0,1,0
94,41,31082,8,91,3,1,0
95,43,15661,58,259,1,0,0
96,42,17920,45,278,1,0,1
97,62,94561,62,324,3,1,0
98,58,23946,39,328,2,0,0
99,46,31309,58,300,2,1,0
100,32,70230,64,257,2,1,0
101,62,126822,44,189,2,1,0
102,18,127340,29,329,2,0,1
103,42,74321,59,83,1,0,0
104,24,147028,71,67,1,1,0
105,26,89131,9,106,0,1,0
106,41,40963,6,161,0,1,0
107,18,116757,29,54,2,1,0
108,61,114259,58,231,0,1,0
109,25,54063,17,62,1,1,0
110,41,129225,16,334,1,0,0
111,28,131400,3,308,2,0,0
112,68,95818,21,139,2,0,0
113,34,19703,64,153,2,0,0
114,25,87099,36,235,0,0,0
115,52,46585,62,299,1,0,1
116,52,58585,42,304,5,1,0
117,50,41958,42,125,2,0,0
118,22,41017,61,157,1,0,0
119,59,139677,13,205,1,0,0
120,56,44426,11,131,3,1,0
121,58,32778,54,126,2,0,0
122,45,57229,16,307,1,0,0
123,24,101652,8,176,2,0,0
124,26,143267,59,331,2,1,1
125,25,141503,57,137,0,1,0
126,29,99878,40,253,1,1,0
127,51,72056,59,65,2,0,0
128,50,34975,2,200,1,1,0
129,65,103397,10,303,2,0,0
130,40,48142,44,237,0,0,0
131,41,41916,11,81,1,0,0
132,54,79324,2,320,1,0,1
133,52,140932,50,54,3,1,0
134,61,111059,12,218,1,0,0
135,57,113317,23,230,1,0,0
136,39,50046,18,227,0,0,1
137,44,116459,62,192,2,0,0
138,52,60893,62,297,0,1,0
139,18,116520,38,176,3,1,0
140,52,140818,67,312,0,1,1
141,54,76272,38,89,1,0,0
142,64,82649,67,304,2,0,0
143,31,79674,61,192,4,0,0
144,20,101475,1,289,1,1,0
145,18,76367,45,277,4,1,0
146,22,136750,28,247,0,1,0
147,43,133154,21,114,1,0,0
148,31,59738,13,60,2,0,1
149,56,48397,27,157,0,0,0
150,44,97189,7,75,1,1,0
151,26,91367,22,200,3,1,1
152,32,135585,53,270,0,1,0
153,32,91619,4,286,1,1,1
154,43,126453,23,286,1,0,0
155,59,34816,70,268,3,0,0
156,30,94530,33,200,1,0,0
157,68,123856,28,172,1,0,1
158,49,86635,8,193,4,0,0
159,56,122803,1,238,1,1,1
160,66,50946,37,304,3,1,0
161,69,70204,63,117,0,0,0
162,49,30563,22,153,1,0,1
163,21,107324,70,208,1,0,0
164,47,24847,21,349,3,1,1
165,54,41155,35,139,1,0,0
166,40,94671,5,305,1,0,1
167,56,131891,60,269,2,1,0
168,62,98310,46,58,2,0,0
169,32,146691,50,61,1,0,0
170,60,49707,48,293,3,1,0
171,46,96537,6,231,1,1,0
172,53,106155,56,333,3,1,0
173,30,15281,59,148,2,0,0
174,49,147130,29,246,1,0,0
175,24,91260,71,275,2,1,1
176,68,79178,18,152,0,0,0
177,39,48997,2,155,2,1,0
178,45,134273,8,107,4,1,0
179,19,147311,54,127,1,1,0
180,59,141945,38,124,1,0,0
181,62,60272,48,91,2,0,0
182,23,104393,27,230,2,0,0
183,45,76212,20,82,2,1,0
184,45,135030,12,120,3,0,1
185,61,71503,43,105,2,0,0
186,61,21570,61,154,0,0,0
187,37,83785,31,249,0,0,1
188,47,24110,61,150,0,0,1
189,28,94141,67,305,3,0,0
190,45,27115,35,123,2,1,0
191,42,54062,15,220,2,0,0
192,56,37911,16,192,1,0,1
193,50,119061,13,215,1,1,0
194,18,47556,35,310,2,1,0
195,44,143335,59,270,1,0,1
196,69,16969,21,132,3,0,0
197,30,58753,54,231,3,1,1
198,58,136863,30,59,2,0,0
199,20,25225,48,53,1,0,1
200,56,138008,35,341,3,0,1
201,23,120823,38,330,4,0,0
202,25,28669,31,264,2,0,0
203,44,139398,24,147,2,1,0
204,26,125677,49,150,0,1,0
205,54,63320,32,58,1,0,0
206,50,140354,55,110,1,0,0
207,68,103009,58,195,0,1,0
208,59,43625,3,112,0,0,0
209,61,39089,69,170,0,0,0
210,41,51487,10,275,0,1,0
211,32,125448,25,154,2,1,1
212,49,65138,68,309,2,0,0
213,49,69061,61,304,0,1,0
214,41,116376,29,256,6,0,0
215,58,94134,19,77,2,0,0
216,69,62055,43,219,0,0,0
217,66,34508,66,125,3,1,0
218,66,125169,61,165,3,1,0
219,69,23125,43,118,1,1,0
220,29,51059,25,283,1,0,0
221,56,118409,20,50,1,0,0
222,19,20704,48,216,1,0,0
223,20,126279,24,267,0,0,0
224,66,133516,11,322,2,0,1
225,54,129044,55,300,0,1,0
226,66,44165,28,223,3,1,0
227,34,82203,69,219,2,0,0
228,66,19114,63,295,2,0,0
229,19,51321,59,139,3,0,0
230,19,88297,5,98,0,1,0
231,45,111652,51,343,2,1,0
232,40,114304,21,199,0,1,0
233,54,32772,12,181,0,0,0
234,49,118754,50,108,3,0,1
235,50,18712,4,248,1,1,1
236,18,147439,42,264,2,1,0
237,36,130142,38,98,1,0,0
238,19,106736,25,281,0,0,0
239,61,66924,14,296,3,0,1
240,43,18726,32,288,1,1,0
241,49,104152,11,217,0,1,0
242,23,42723,61,97,1,1,0
243,49,141969,18,100,1,0,0
244,21,115494,27,348,2,0,1
245,28,50643,55,147,1,0,0
246,34,118896,54,265,1,1,0
247,55,108680,21,226,1,0,1
248,41,111546,44,129,2,1,0
249,22,94973,5,234,2,0,0
250,69,78449,41,76,1,1,0
251,51,124834,59,244,1,1,0
252,23,40537,54,263,1,0,1
253,39,92576,22,163,3,1,0
254,28,122522,65,291,3,0,1
255,65,37612,64,173,1,0,0
256,33,21471,71,125,2,0,1
257,50,46348,4,245,0,1,1
258,26,16177,65,93,3,1,0
259,23,47779,15,235,0,0,0
260,33,36636,22,295,0,1,0
261,46,96889,47,133,1,1,0
262,20,68551,46,256,1,1,0
263,37,61819,14,200,2,0,1
264,53,88770,50,205,2,0,0
265,36,93714,20,65,0,1,0
266,43,39596,50,214,0,0,1
267,20,79106,33,194,1,0,0
268,36,74182,59,86,1,1,0
269,37,102163,43,94,2,0,0
270,49,54310,12,255,0,1,0
271,24,71088,40,111,0,0,0
272,69,143803,20,68,2,1,0
273,58,51914,38,349,1,0,1
274,50,125350,3,56,2,0,1
275,57,60379,28,298,0,0,0
276,56,61413,56,166,2,1,0
277,35,22151,13,117,0,1,0
278,57,72716,66,83,3,0,0
279,18,108747,37,243,1,0,0
280,28,136999,49,104,0,1,0
281,45,129793,66,315,5,0,1
282,42,123177,36,91,2,1,0
283,67,27289,54,346,1,0,0
284,40,101365,26,280,3,1,0
285,48,129014,40,59,0,1,0
286,47,87588,43,177,3,1,1
287,59,78646,22,228,3,1,0
288,52,18654,20,242,5,0,1
289,24,33743,8,141,1,0,1
290,33,63368,29,280,1,1,1
291,43,134735,40,127,3,0,1
292,65,134891,30,134,1,1,0
293,69,122971,55,79,0,1,0
294,66,27149,16,262,0,0,0
295,19,115102,46,98,1,0,0
296,18,74189,62,314,1,0,1
297,65,86031,7,194,7,0,0
298,29,57668,45,118,1,0,0
299,22,103204,59,107,4,0,0
300,54,52384,56,234,2,0,1
301,49,96929,48,111,1,0,0
302,26,142959,27,345,1,0,0
303,58,91153,53,215,2,0,0
304,52,90388,35,220,1,0,0
305,36,46401,51,112,3,1,0
306,65,134503,37,196,3,0,0
307,33,142834,57,210,6,0,1
308,20,49084,8,190,2,1,0
309,37,125641,20,146,2,1,0
310,41,120111,53,270,2,0,1
311,50,51041,12,92,0,0,1
312,41,103920,49,341,2,0,1
313,69,80681,17,157,3,0,0
314,28,96571,64,315,2,1,0
315,66,142556,42,144,2,1,0
316,25,41160,29,311,3,1,0
317,53,32633,19,120,1,0,0
318,55,32014,11,268,1,1,0
319,57,95532,50,70,2,0,0
320,37,64104,71,141,1,0,0
321,52,92231,58,176,1,0,0
322,65,83388,34,129,2,0,0
323,42,31014,20,287,1,0,0
324,52,107578,50,231,3,1,1
325,42,55390,10,74,1,0,0
326,46,38711,32,205,3,0,0
327,35,106658,52,54,2,0,0
328,63,72993,15,169,2,0,0
329,35,22421,3,326,0,1,0
330,19,32727,37,67,2,1,0
331,52,127418,40,247,1,1,0
332,33,19358,40,106,5,0,0
333,58,80108,56,142,2,1,0
334,53,109018,23,68,3,1,0
335,50,139457,11,242,5,0,1
336,21,46910,64,286,3,0,1
337,50,141888,8,326,1,1,1
338,31,70754,56,276,2,0,1
339,38,124847,60,282,1,0,0
340,65,53467,10,89,2,0,0
341,37,48893,39,202,1,0,0
342,25,91329,28,176,1,0,0
343,24,46007,49,286,1,0,0
344,20,69253,36,104,5,1,0
345,34,27323,13,221,0,0,0
346,50,126335,36,158,3,1,0
347,65,127356,26,233,1,0,1
348,29,125944,4,247,2,1,1
349,68,31456,64,136,3,1,0
350,39,46367,38,250,4,1,1
351,39,69624,22,324,0,1,0
352,63,83008,2,260,1,1,1
353,47,140926,31,167,3,1,1
354,55,130395,11,240,1,0,0
355,55,131492,46,91,0,0,0
356,62,87240,62,91,3,1,0
357,68,79315,69,325,0,0,1
358,25,25756,64,66,3,1,1
359,44,51378,10,332,2,1,0
360,44,140703,40,307,2,0,1
361,51,71549,24,112,3,1,0
362,38,88794,44,111,1,0,0
363,47,60113,60,149,3,0,1
364,50,89069,62,68,0,0,0
365,45,140541,17,66,2,0,1
366,64,24686,65,295,3,0,1
367,50,68363,57,300,1,0,0
368,22,112543,55,130,0,0,0
369,65,146733,53,88,3,1,1
370,36,110673,56,85,0,1,0
371,21,57828,9,246,1,0,1
372,52,63604,22,207,0,0,0
373,66,25526,13,253,1,1,0
374,34,83910,48,245,1,1,0
375,61,40592,18,265,0,0,0
376,45,43982,40,334,0,0,1
377,47,15207,17,245,1,1,0
378,46,103733,15,201,1,1,0
379,63,139982,15,63,1,0,0
380,23,83619,63,195,0,0,0
381,52,61479,39,106,2,0,0
382,58,96437,13,260,2,1,0
383,54,113540,32,317,1,0,1
384,41,87982,9,259,2,0,0
385,46,117747,40,66,3,0,0
386,66,63231,20,335,1,1,0
387,63,44301,63,252,1,1,1
388,48,33752,44,148,3,1,0
389,52,113452,38,328,0,1,0
390,50,136237,60,258,0,0,1
391,69,71273,71,178,1,1,0
392,38,106878,48,337,3,0,0
393,49,19895,18,301,3,1,1
394,40,134968,16,314,1,0,1
395,50,130700,55,320,0,0,0
396,20,91559,39,237,5,0,0
397,35,25699,68,263,2,1,1
398,42,24715,59,332,2,1,0
399,59,34169,62,260,1,0,1
400,48,133413,13,125,3,0,0
401,20,134264,6,197,2,1,0
402,57,20782,60,262,1,0,1
403,63,139481,14,158,1,1,0
404,41,50585,54,178,3,1,0
405,67,45682,4,59,2,0,1
406,49,144992,39,96,1,0,1
407,64,99416,25,145,0,0,0
408,39,142810,32,152,2,0,0
409,40,53067,59,195,1,0,0
410,19,33073,63,76,2,0,0
411,44,51035,38,269,2,0,0
412,59,105373,53,67,2,1,0
413,19,98362,67,216,2,1,0
414,43,105517,28,131,1,0,0
415,34,80450,3,121,3,0,1
416,57,25382,22,303,4,0,1
417,50,76929,38,211,2,0,1
418,26,113864,62,87,1,1,0
419,60,40169,57,250,1,0,0
420,65,102468,6,249,1,1,0
421,56,49594,32,304,2,0,0
422,46,60033,10,228,3,1,0
423,59,78133,3,84,1,0,1
424,43,88861,59,131,0,1,0
425,52,46750,49,269,2,1,0
426,67,55461,59,207,1,1,0
427,42,93222,31,53,1,1,0
428,41,127020,69,216,1,0,0
429,30,39226,62,253,2,1,0
430,24,21721,52,243,2,0,1
431,53,35609,41,284,2,0,0
432,62,145513,31,255,0,0,1
433,37,119211,22,199,2,1,0
434,18,139865,4,208,0,1,1
435,25,89520,13,328,2,1,0
436,63,79309,45,215,3,1,0
437,33,44984,42,117,2,0,0
438,31,133947,49,137,1,1,0
439,29,20901,20,266,1,1,1
440,68,46055,54,50,1,0,0
441,40,129099,36,184,2,0,0
442,32,26138,1,234,3,1,1
443,45,38429,15,189,2,1,1
444,51,65200,17,155,0,1,0
445,19,116268,24,182,4,1,1
446,49,32347,58,157,1,1,0
447,40,46822,23,227,2,1,1
448,39,55108,46,347,1,1,0
449,68,143955,8,195,1,1,0
450,42,22967,59,123,1,0,0
451,39,125719,59,157,3,1,1
452,39,26871,13,171,3,0,0
453,66,43179,39,66,2,1,0
454,69,70099,28,245,2,0,1
455,59,50262,61,346,1,0,0
456,23,93213,16,301,1,0,1
457,32,132407,2,168,1,1,0
458,60,101269,17,211,0,0,1
459,54,75545,30,247,3,0,1
460,50,54922,13,94,1,0,1
461,25,57913,13,228,3,0,1
462,61,112033,43,93,2,0,0
463,61,119792,21,320,0,0,0
464,22,134863,55,127,5,0,1
465,56,59936,40,227,0,0,0
466,21,43141,15,52,0,0,0
467,23,112359,52,263,6,0,0
468,62,138279,53,123,2,1,0
469,49,56568,52,100,2,0,1
470,69,112539,30,116,0,0,0
471,47,61851,33,142,3,0,0
472,64,69823,57,225,0,0,1
473,52,38312,52,194,1,0,0
474,57,113723,9,56,0,0,0
475,69,27411,54,318,2,1,0
476,33,72009,1,53,0,1,1
477,30,47371,44,187,1,0,0
478,67,72022,9,280,2,1,0
479,59,86229,32,137,1,0,0
480,47,114071,15,66,2,1,0
481,36,111774,12,101,1,0,0
482,34,41715,57,183,3,1,0
483,36,42605,8,260,2,0,0
484,45,114853,27,268,1,1,1
485,43,46174,62,254,2,0,0
486,54,91373,12,260,1,0,1
487,43,84252,65,326,1,1,0
488,40,85017,42,73,1,0,0
489,26,78037,62,53,1,1,0
490,29,104818,11,201,3,1,0
491,18,21548,43,308,1,0,1
492,18,131981,17,217,1,0,0
493,64,39022,32,225,1,0,1
494,51,121297,40,340,1,1,1
495,49,75428,23,105,2,0,0
496,65,74353,56,157,0,0,0
497,42,128132,6,345,0,1,0
498,57,31052,50,190,2,0,1
499,62,115689,37,204,2,1,0
500,18,146743,64,311,3,1,1
501,33,15163,54,322,2,0,1
502,56,56424,49,281,3,0,1
503,22,37420,11,290,2,1,0
504,39,135575,49,307,2,0,0
505,46,44300,21,298,0,0,0
506,20,104881,66,126,4,0,0
507,29,25749,63,229,0,1,0
508,43,119131,28,115,1,1,0
509,33,143563,17,220,1,0,0
510,68,52487,6,71,1,0,0
511,54,36223,19,156,1,1,0
512,39,87930,56,276,0,1,0
513,46,43380,28,265,1,0,0
514,31,41035,66,118,0,0,0
515,45,45620,38,133,1,1,0
516,22,132360,37,152,1,1,0
517,64,68352,68,88,1,1,0
518,66,18191,49,62,2,1,0
519,47,105536,43,346,4,1,1
520,63,119576,36,230,2,0,0
521,69,18631,58,317,2,1,0
522,22,57080,13,62,1,1,0
523,29,105353,52,169,1,1,0
524,33,43671,58,106,0,0,0
525,43,137811,32,89,2,0,0
526,43,142734,60,177,1,1,0
527,65,66399,58,222,1,0,0
528,38,22099,56,84,5,0,0
529,56,71492,28,308,0,1,1
530,53,111722,1,54,2,0,1
531,50,45111,42,267,1,1,1
532,47,78936,48,60,1,1,0
533,54,75920,40,166,2,0,0
534,40,78530,63,233,5,1,0
535,27,22788,4,165,1,1,0
536,22,43082,38,211,1,0,0
537,53,138287,27,116,0,0,0
538,51,104570,9,249,2,1,1
539,69,116015,16,80,2,0,0
540,48,98588,56,124,1,0,0
541,27,103340,31,286,3,0,0
542,36,109439,14,115,1,0,0
543,49,130053,25,119,2,0,1
544,18,63355,34,346,2,1,0
545,22,140426,67,69,1,1,0
546,62,79027,24,275,0,0,0
547,21,107601,26,248,1,0,1
548,33,44956,20,88,3,1,0
549,41,119797,64,194,2,0,1
550,33,139917,10,94,3,1,0
551,19,141303,67,140,0,1,0
552,66,57533,24,287,1,1,1
553,45,93815,5,119,3,0,0
554,49,54279,67,215,1,0,0
555,44,124787,58,179,2,0,0
556,37,76063,27,263,0,0,0
557,41,142896,15,138,0,0,0
558,29,112661,35,301,2,1,0
559,67,138257,53,121,1,1,0
560,52,101205,44,214,2,1,0
561,50,21910,26,98,1,1,0
562,50,61857,47,101,0,0,0
563,68,49964,34,338,0,1,0
564,60,32153,50,327,1,0,0
565,54,74765,12,163,1,0,0
566,29,123212,4,288,3,0,1
567,20,54071,48,182,1,1,0
568,18,127990,55,323,1,1,0
569,50,84519,1,215,2,0,0
570,57,24503,66,342,7,0,1
571,27,110457,30,292,1,0,0
572,60,60838,3,187,5,0,1
573,61,140200,21,128,1,0,0
574,46,104489,49,219,0,1,0
575,30,41806,62,172,3,1,1
576,29,85119,38,225,0,0,0
577,48,53714,15,349,1,1,1
578,63,70419,52,131,1,0,0
579,19,120432,46,136,1,1,0
580,68,107949,25,274,1,0,0
581,67,148533,21,65,0,1,0
582,52,91971,5,212,0,1,1
583,40,108471,70,147,1,1,0
584,34,79946,47,205,3,0,1
585,43,113989,68,51,1,1,0
586,25,99080,18,218,3,0,1
587,46,92794,21,141,0,0,0
588,43,45841,23,230,2,0,0
589,27,139447,64,280,0,1,0
590,43,135029,67,197,0,1,0
591,51,91272,40,329,1,0,0
592,68,52643,10,238,2,0,1
593,58,58950,52,177,0,1,0
594,24,115500,61,56,1,0,0
595,21,140588,64,96,3,0,1
596,67,30997,5,102,2,0,1
597,62,94751,53,236,2,1,0
598,28,113605,55,87,0,0,0
599,46,70533,37,275,0,1,1
600,53,97566,56,102,1,0,1
601,42,123255,59,273,1,0,1
602,38,73005,69,203,3,0,0
603,53,58541,59,97,4,0,1
604,27,38387,2,196,1,0,1
605,54,108980,65,113,5,0,0
606,26,100457,60,231,0,1,0
607,41,79028,51,174,2,0,1
608,52,134246,30,228,0,1,1
609,66,70731,11,88,5,1,0
610,52,59638,39,309,5,1,1
611,65,35567,63,52,0,1,0
612,53,72804,64,113,0,0,0
613,35,123821,61,78,0,0,0
614,66,18754,54,60,0,1,0
615,56,42044,58,146,0,1,0
616,49,82260,56,252,1,1,0
617,41,81912,34,70,1,1,0
618,40,23706,31,88,4,1,1
619,49,23894,52,272,0,0,0
620,54,98986,1,151,1,1,0
621,29,96942,55,95,2,0,0
622,66,44725,22,115,0,0,0
623,30,119555,40,140,1,0,1
624,40,24496,1,213,1,0,1
625,42,71447,65,160,0,0,0
626,52,116604,63,172,0,1,0
627,58,103199,54,242,0,1,0
628,47,56321,42,148,1,1,0
629,34,70147,21,340,2,0,0
630,66,106396,22,208,3,1,0
631,37,53787,38,152,2,0,1
632,65,36727,8,330,2,1,0
633,42,110081,62,92,3,0,0
634,39,137721,47,133,5,0,0
635,30,83056,17,240,0,0,0
636,36,149153,17,100,2,1,0
637,66,95102,13,259,2,0,1
638,53,91865,17,175,1,0,0
639,29,82695,38,118,0,0,0
640,58,132235,45,314,1,0,1
641,36,123777,6,307,1,1,1
642,29,34033,35,237,3,0,1
643,26,41832,14,279,1,0,1
644,24,130725,61,238,4,0,1
645,45,34873,15,59,0,0,0
646,31,55372,54,163,1,0,1
647,48,104464,27,125,1,1,0
648,69,132322,13,213,1,0,0
649,36,115082,31,134,3,0,0
650,64,20110,35,98,2,0,0
651,33,27087,60,226,0,0,0
652,22,97617,6,267,1,0,1
653,52,115483,69,238,5,0,1
654,29,24596,58,279,0,0,0
655,42,122539,49,304,2,0,0
656,69,33313,23,285,3,1,0
657,38,128175,34,75,1,1,0
658,53,129914,26,121,0,1,0
659,40,38705,47,310,1,0,0
660,33,88445,5,303,1,1,0
661,56,118892,20,320,1,1,0
662,62,17023,6,172,1,1,0
663,59,134654,70,193,2,0,0
664,56,95073,59,306,0,0,1
665,31,107197,64,193,1,0,0
666,48,79429,18,308,1,0,1
667,22,119195,4,96,1,0,1
668,52,48848,17,62,2,1,0
669,40,42766,14,257,2,1,0
670,46,83099,13,284,4,0,0
671,60,84122,7,198,1,0,1
672,28,63868,44,204,3,0,1
673,35,134119,15,215,2,0,0
674,64,110286,19,139,1,0,0
675,29,21643,63,235,1,0,1
676,26,51727,35,223,0,0,0
677,27,124079,35,266,0,1,0
678,61,80697,19,313,0,0,0
679,34,31029,20,146,4,0,0
680,55,124458,35,166,0,0,0
681,24,125384,32,248,1,0,0
682,63,83926,48,70,0,0,0
683,30,70506,44,249,1,1,0
684,57,93229,24,297,0,0,0
685,59,57092,61,325,0,0,1
686,26,77539,17,313,1,1,0
687,67,28428,71,107,1,0,0
688,44,72775,50,80,4,0,1
689,19,20469,65,298,1,0,1
690,22,43854,32,142,0,1,0
691,46,91256,36,314,0,0,0
692,54,114134,13,320,4,0,1
693,55,147723,70,143,2,1,0
694,36,99730,58,203,4,0,0
695,25,42386,14,334,1,0,1
696,65,48787,37,129,0,0,0
697,62,36621,68,341,1,1,0
698,18,92984,40,133,1,1,0
699,39,49051,59,86,0,1,0
700,69,64811,16,281,3,1,0
701,34,45447,62,142,2,1,0
702,24,143046,4,151,3,1,1
703,42,99045,45,215,1,1,0
704,62,131859,28,208,1,0,0
705,21,18471,66,63,0,0,0
706,53,135312,31,274,2,0,0
707,23,61850,3,122,2,0,0
708,48,69220,8,298,2,1,0
709,36,108808,24,140,3,0,0
710,61,68072,15,265,3,0,0
711,56,98820,43,139,0,0,0
712,44,38284,31,78,2,1,0
713,27,98369,45,269,1,1,0
714,43,40122,66,264,3,0,0
715,36,145349,8,270,2,0,1
716,56,85553,71,91,1,0,1
717,20,109788,57,184,0,0,0
718,62,77812,30,91,2,0,0
719,30,22999,18,213,0,1,0
720,67,37436,69,332,2,0,0
721,45,57963,39,107,1,0,0
722,37,148168,60,74,1,0,0
723,45,123899,43,122,0,0,0
724,25,41201,45,178,1,0,0
725,58,20105,23,136,0,0,0
726,56,132666,69,202,1,0,0
727,18,109848,6,231,3,1,1
728,20,17839,56,174,0,0,0
729,30,83920,4,116,3,0,0
730,45,58619,23,55,1,0,0
731,66,57821,6,174,1,1,0
732,42,140736,32,102,0,0,1
733,50,32069,18,115,4,1,0
734,55,22531,15,131,1,1,0
735,23,82155,40,136,1,0,0
736,61,77424,6,51,1,1,0
737,62,60603,63,253,2,1,1
738,49,147503,67,199,3,0,1
739,62,107573,11,342,1,1,0
740,64,118302,43,152,5,0,0
741,38,146234,17,73,1,0,0
742,33,34675,4,261,1,1,1
743,38,88997,63,114,1,1,0
744,28,22896,68,258,5,1,1
745,54,64733,41,300,2,0,1
746,53,56800,5,166,2,0,1
747,52,111044,32,165,1,0,0
748,36,20347,70,286,2,0,0
749,37,148715,35,154,4,0,0
750,35,55785,22,308,1,0,1
751,64,33681,65,95,3,0,0
752,58,118864,22,265,1,0,1
753,66,62299,11,73,3,0,1
754,31,32073,3,84,0,1,0
755,32,117304,9,73,1,1,0
756,48,45682,60,77,0,0,0
757,18,139302,14,65,0,1,0
758,20,130359,18,108,2,1,0
759,33,81707,23,292,0,1,0
760,40,80428,47,256,2,0,0
761,28,65601,69,320,5,0,1
762,29,148611,47,298,2,1,1
763,27,126487,30,316,1,0,0
764,49,43228,25,242,1,1,0
765,33,137788,28,267,1,1,0
766,25,112239,25,164,1,1,0
767,55,41928,58,117,1,0,0
768,29,33322,41,348,2,0,0
769,41,102896,25,124,1,0,0
770,45,77292,48,152,5,1,0
771,25,44055,10,346,0,0,1
772,45,57891,11,227,3,0,1
773,53,96912,21,264,2,0,0
774,43,105536,45,88,0,0,0
775,25,21304,7,308,2,0,0
776,67,22345,64,253,5,0,1
777,45,106006,64,56,1,1,1
778,45,144350,2,98,2,0,0
779,54,34446,42,75,3,1,0
780,58,17336,54,210,1,1,0
781,53,77032,16,225,0,1,0
782,44,112852,18,128,1,1,0
783,34,33474,59,51,0,0,1
784,26,70718,16,181,1,0,0
785,50,59629,6,325,1,1,0
786,37,60232,57,166,3,0,1
787,30,101544,47,213,2,0,0
788,45,65669,48,337,3,0,1
789,65,84184,42,77,2,1,0
790,46,28140,60,50,1,0,0
791,30,141468,4,237,1,0,1
792,63,98457,2,105,1,0,1
793,52,29357,59,84,0,1,0
794,23,126672,27,161,0,0,0
795,35,83673,27,335,1,1,0
796,68,136673,7,85,3,0,1
797,22,80633,63,266,2,1,0
798,64,111111,46,129,0,0,0
799,42,93258,63,132,1,1,0
800,19,84286,12,114,2,0,0
801,27,108269,13,177,0,0,1
802,47,89071,43,71,1,1,0
803,67,45651,17,265,0,1,0
804,62,85202,63,156,0,1,0
805,22,63777,36,158,0,1,0
806,50,82263,8,230,0,0,0
807,18,115158,69,213,2,1,0
808,35,25800,36,117,2,0,0
809,49,52823,28,341,0,1,0
810,64,78878,47,229,2,0,1
811,66,33708,30,230,2,0,0
812,28,78870,23,218,0,0,0
813,38,24283,16,71,2,0,0
814,43,93707,14,115,0,0,0
815,42,20774,71,70,1,0,0
816,39,111468,52,149,2,0,0
817,44,111334,37,349,0,0,0
818,66,33133,29,152,1,0,0
819,30,15781,67,96,0,0,0
820,50,129586,15,88,2,0,0
821,51,42624,47,334,1,0,0
822,58,21823,46,139,2,1,0
823,52,33489,52,134,0,1,0
824,18,44118,19,322,1,0,1
825,38,115417,21,237,3,1,0
826,65,96816,64,208,1,1,0
827,23,28565,37,292,2,0,0
828,45,106179,27,122,2,1,0
829,34,38648,55,98,1,0,0
830,22,56971,29,150,1,0,0
831,48,33658,20,51,0,0,0
832,22,36253,25,293,0,0,0
833,55,103664,70,225,0,1,0
834,20,118850,63,287,3,0,0
835,40,148623,36,108,2,0,0
836,54,86947,2,148,3,0,1
837,54,76001,22,51,1,1,0
838,27,137775,16,292,1,1,0
839,27,48243,18,346,5,1,1
840,36,90939,69,260,2,0,1
841,34,72828,54,172,1,0,0
842,38,21710,30,278,0,0,1
843,31,52991,45,131,2,0,0
844,26,100445,19,193,2,0,0
845,63,95257,34,189,5,0,1
846,18,52711,13,78,0,0,0
847,68,21530,43,319,0,1,0
848,62,26116,62,296,1,1,0
849,30,80794,22,61,0,0,1
850,21,146354,52,155,1,0,0
851,18,147970,52,81,2,0,0
852,66,19135,36,123,1,1,0
853,57,124472,19,220,2,1,0
854,49,140147,38,118,0,1,0
855,51,104087,70,186,1,0,0
856,45,48380,57,149,1,1,0
857,48,144951,20,195,2,0,0
858,25,32071,9,58,0,1,0
859,56,35074,32,111,1,1,0
860,43,82843,4,234,0,1,0
861,51,54901,50,78,1,0,0
862,20,26205,5,163,1,1,0
863,67,139661,20,192,3,0,1
864,29,20906,37,169,4,0,0
865,18,148663,22,219,0,0,0
866,61,140576,58,206,2,0,0
867,22,77987,68,309,0,0,0
868,47,95685,44,131,2,0,0
869,47,125454,34,291,0,0,1
870,34,120487,42,221,0,0,0
871,65,69400,9,280,1,0,0
872,64,46852,7,257,2,0,0
873,40,67756,68,124,1,0,0
874,32,130357,19,319,2,0,0
875,54,134052,31,163,0,0,0
876,38,71481,35,111,3,1,0
877,31,16283,57,151,1,0,0
878,19,48691,61,259,3,1,1
879,28,147197,31,304,1,0,0
880,68,41170,53,69,2,1,0
881,56,23438,32,107,5,0,0
882,55,35095,66,161,0,0,1
883,51,24752,59,245,2,0,0
884,55,70426,10,141,2,0,0
885,67,41819,2,101,0,1,0
886,51,107051,66,342,3,0,0
887,35,47994,60,57,1,0,0
888,47,112756,17,349,2,1,0
889,32,110665,16,147,2,0,0
890,44,146717,16,285,2,0,0
891,68,96835,46,118,3,0,1
892,51,137232,39,94,0,0,0
893,69,58732,31,186,3,1,0
894,55,61305,1,283,0,1,0
895,50,24346,11,81,0,1,0
896,41,15587,4,338,1,1,0
897,32,27763,71,175,3,0,1
898,47,84615,26,116,0,0,0
899,59,135987,50,79,0,0,0
900,68,106353,12,163,3,1,0
901,34,110648,65,253,1,1,0
902,22,40556,47,78,3,0,0
903,46,74042,53,180,2,0,0
904,21,33099,71,234,1,1,1
905,27,124089,2,302,3,0,1
906,34,48866,24,335,0,1,0
907,27,120400,4,111,0,0,1
908,34,99246,19,52,1,0,0
909,37,91975,26,117,1,0,0
910,41,96557,40,74,1,1,0
911,22,87516,50,228,4,0,1
912,51,47602,43,190,1,0,0
913,23,144295,67,280,2,1,0
914,19,102969,12,349,2,1,0
915,30,147161,67,212,2,1,0
916,60,15155,27,179,3,0,0
917,60,138950,54,295,2,1,0
918,65,82494,66,346,5,0,0
919,28,91229,49,221,2,0,0
920,68,119648,16,113,2,0,0
921,64,53547,2,80,1,0,0
922,40,43795,60,96,3,1,0
923,33,36447,54,179,0,0,0
924,48,102960,30,159,5,0,1
925,28,78278,38,118,4,1,0
926,33,70077,28,107,1,1,0
927,25,127782,25,155,0,1,0
928,21,117932,10,349,2,0,0
929,57,124869,60,305,3,1,1
930,21,63781,42,220,2,0,0
931,42,68798,40,211,0,1,0
932,20,113696,42,335,0,0,0
933,49,65939,47,120,3,1,0
934,20,44516,37,304,1,0,0
935,44,65290,22,104,2,0,0
936,46,141688,57,52,0,0,1
937,49,101661,27,75,2,0,0
938,67,87954,41,175,2,0,0
939,68,37746,34,102,1,1,0
940,36,82990,32,247,5,0,1
941,38,73810,66,348,2,1,0
942,22,133362,12,237,2,0,1
943,35,148669,40,235,2,0,0
944,45,17659,10,347,3,1,0
945,59,101516,48,253,1,1,0
946,39,89567,20,60,0,0,1
947,38,30037,39,195,2,0,0
948,23,141498,60,134,0,1,0
949,18,27109,66,149,2,0,0
950,22,37010,65,153,3,0,1
951,58,23787,51,95,1,1,0
952,29,76709,36,93,1,0,0
953,43,49518,24,327,1,0,0
954,63,68909,27,230,2,1,0
955,51,33351,2,236,1,1,1
956,66,30282,31,163,1,0,0
957,31,20075,57,304,0,0,1
958,43,43365,66,79,1,0,0
959,62,26002,29,313,0,1,0
960,44,28947,15,147,3,1,0
961,26,109840,12,164,2,0,0
962,43,131219,28,325,0,0,0
963,64,93610,24,330,0,0,0
964,39,67142,21,324,0,0,1
965,64,71307,10,310,0,1,0
966,47,65085,18,256,3,0,0
967,60,49228,14,260,3,0,1
968,65,58472,34,264,3,0,0
969,34,64437,58,89,2,0,0
970,43,74711,22,75,1,0,0
971,53,92175,70,76,1,0,0
972,18,79307,36,239,2,1,0
973,25,61733,45,132,0,1,0
974,66,143202,36,219,3,1,1
975,52,110028,22,216,2,0,0
976,69,107493,61,237,2,1,0
977,32,140149,56,218,1,1,0
978,64,23259,33,338,3,0,1
979,39,143775,45,278,2,0,0
980,31,29849,36,146,2,0,0
981,43,96768,20,65,1,0,0
982,45,121108,18,328,0,1,0
983,40,104709,38,184,1,0,0
984,31,69869,67,75,0,0,1
985,41,141888,23,61,1,0,0
986,19,78095,16,121,1,0,0
987,62,132886,59,182,0,0,0
988,43,85910,69,155,1,0,1
989,31,38567,68,269,2,0,0
990,68,50292,21,226,1,1,0
991,24,89813,70,331,0,1,1
992,20,112136,12,182,1,1,0
993,64,66631,16,71,3,1,0
994,40,24885,14,318,0,1,0
995,63,81314,61,210,2,1,0
996,60,80087,71,156,2,1,0
997,64,110998,46,328,2,1,1
998,62,64812,32,284,0,0,1
999,35,73643,15,67,4,0,1
1000,55,59900,44,291,0,1,0
1001,52,31288,17,166,2,0,0
1002,68,87692,41,335,0,0,0
1003,32,100436,54,331,3,0,1
1004,42,61403,44,193,7,0,0
1005,54,106170,5,254,2,1,1
1006,45,24168,27,88,3,0,0
1007,27,64879,43,203,2,0,0
1008,56,74871,31,225,0,0,1
1009,34,47174,17,290,1,1,0
1010,56,125155,54,183,0,0,0
1011,39,86853,62,95,1,1,0
1012,43,79046,32,99,1,1,0
1013,61,64678,40,215,0,0,0
1014,42,41649,13,155,3,0,0
1015,34,142795,35,265,1,0,0
1016,30,103668,5,195,3,1,1
1017,37,104906,29,121,3,1,1
1018,42,111019,70,322,1,0,0
1019,21,93002,25,296,3,0,1
1020,27,43803,22,235,2,0,0
1021,20,45795,66,119,2,1,0
1022,58,23770,45,199,2,0,0
1023,62,26093,69,295,2,0,0
1024,35,146265,1,311,2,0,1
1025,64,115311,44,75,3,1,0
1026,53,32569,39,189,1,1,0
1027,64,26190,54,148,2,0,0
1028,39,77824,29,327,2,1,1
1029,51,57070,54,100,2,0,0
1030,64,55197,16,200,2,1,0
1031,25,17261,20,153,1,0,1
1032,57,101795,46,138,0,1,0
1033,66,43933,67,190,2,0,0
1034,61,55583,65,262,0,0,0
1035,36,127082,58,282,2,1,0
1036,59,100371,53,232,2,0,0
1037,58,126032,1,300,1,0,1
1038,54,57604,66,58,2,0,0
1039,23,110074,29,128,2,0,0
1040,69,88869,70,101,0,0,0
1041,43,20410,8,318,0,0,0
1042,51,98375,29,275,3,1,0
1043,62,111055,51,100,3,1,1
1044,23,101716,33,235,0,0,1
1045,54,69245,3,83,2,0,1
1046,50,58056,60,340,1,1,0
1047,39,73557,35,279,2,0,0
1048,38,32543,69,180,1,0,0
1049,23,111038,20,169,0,1,0
1050,23,18828,39,296,1,1,0
1051,65,131656,4,241,1,0,1
1052,21,32087,19,259,0,0,1
1053,47,46337,45,152,1,0,0
1054,28,80333,43,182,1,1,0
1055,47,85448,13,188,1,0,0
1056,48,19648,13,170,0,1,0
1057,41,145576,60,143,2,0,0
1058,26,48623,57,178,1,0,0
1059,20,50634,52,140,1,0,0
1060,68,129598,53,141,0,1,0
1061,48,64334,43,112,3,0,1
1062,57,83648,42,78,3,0,0
1063,54,37054,26,259,2,1,0
1064,53,85028,23,61,2,1,0
1065,41,37207,43,346,2,0,1
1066,48,96554,28,179,0,0,0
1067,23,98276,9,342,1,1,0
1068,19,67781,20,222,1,1,0
1069,37,76035,56,257,1,0,0
1070,45,23210,39,73,2,1,0
1071,28,59363,51,148,0,0,0
1072,21,93279,12,188,2,1,0
1073,32,149393,55,223,1,0,0
1074,23,96348,11,78,0,0,0
1075,66,128816,26,192,2,0,1
1076,47,138053,42,91,1,1,0
1077,55,81262,27,348,2,1,0
1078,68,149832,11,257,1,0,1
1079,19,82411,38,241,2,0,0
1080,32,38377,43,209,2,0,0
1081,28,53211,19,113,0,1,0
1082,25,18744,64,292,0,1,0
1083,43,39995,6,307,1,1,0
1084,68,49542,46,201,2,0,0
1085,62,25651,42,264,2,1,0
1086,61,114239,65,215,0,0,0
1087,22,93931,59,80,0,0,0
1088,23,117112,52,281,1,0,1
1089,43,31715,47,331,0,0,0
1090,21,76350,7,78,0,1,0
1091,36,86425,11,244,1,1,1
1092,37,101120,61,305,1,0,0
1093,50,129889,68,330,1,0,1
1094,37,89637,25,343,3,0,1
1095,66,85194,12,136,0,0,0
1096,29,91917,26,198,2,0,0
1097,64,79200,12,298,4,0,1
1098,18,120848,43,332,0,1,0
1099,43,121022,51,247,0,1,0
1100,31,75058,37,93,1,1,0
1101,55,77068,46,77,1,1,0
1102,54,114932,53,66,2,1,0
1103,28,37785,13,176,1,0,0
1104,53,109475,54,217,1,1,0
1105,30,17282,57,293,1,0,0
1106,60,82534,4,125,3,1,0
1107,20,89964,49,280,2,0,0
1108,50,134006,7,253,3,1,1
1109,23,65583,11,297,1,0,0
1110,67,53392,54,263,0,0,0
1111,27,22461,45,264,3,0,1
1112,22,115123,23,207,0,0,0
1113,40,25516,28,118,0,1,0
1114,27,136251,57,134,2,0,0
1115,61,77493,26,316,0,0,0
1116,19,51027,25,118,1,1,0
1117,30,108547,54,148,2,1,0
1118,57,115127,29,265,2,0,0
1119,19,94003,36,210,2,0,0
1120,37,54758,14,143,1,0,1
1121,18,69312,35,223,4,1,1
1122,54,83670,30,214,2,1,0
1123,26,97279,17,164,2,1,0
1124,34,30434,67,269,2,0,0
1125,26,90769,30,80,0,0,0
1126,28,81677,45,60,2,0,0
1127,32,98555,51,179,0,1,0
1128,41,143379,47,154,1,0,0
1129,55,116665,53,76,2,0,0
1130,52,83803,64,276,0,0,0
1131,47,106703,38,51,0,0,0
1132,48,36312,64,150,1,1,0
1133,66,132961,7,70,2,0,0
1134,22,55379,22,107,2,0,0
1135,61,32297,41,229,2,0,0
1136,67,17011,10,69,1,1,0
1137,31,135234,57,304,0,0,1
1138,28,59014,7,87,0,0,0
1139,26,109333,50,197,3,0,1
1140,51,26120,52,74,1,0,0
1141,29,37852,33,170,1,1,0
1142,52,94239,1,75,1,0,1
1143,52,147001,53,218,2,1,0
1144,18,106575,60,274,4,0,1
1145,57,110040,34,50,0,1,0
1146,39,20744,4,310,2,1,1
1147,46,57359,17,62,2,0,0
1148,25,113746,4,97,2,1,0
1149,28,135906,43,340,2,0,1
1150,58,22597,4,143,2,0,1
1151,54,62093,1,310,2,0,1
1152,31,129650,71,327,4,0,0
1153,47,135956,50,254,1,1,1
1154,52,130598,61,234,1,0,0
1155,38,148241,35,224,3,1,1
1156,54,23036,8,118,3,0,1
1157,22,46778,24,153,3,0,1
1158,36,33800,36,295,3,1,0
1159,31,40372,50,210,2,1,0
1160,43,76516,43,249,0,1,0
1161,21,35538,27,265,0,1,1
1162,42,78918,32,261,2,1,0
1163,62,86155,18,65,2,0,0
1164,59,74500,28,254,2,1,0
1165,42,125659,29,88,0,0,0
1166,35,42716,16,138,2,0,0
1167,57,149308,47,305,2,0,0
1168,25,17352,59,303,1,0,0
1169,56,148004,31,265,2,0,0
1170,57,91449,4,221,1,1,1
1171,31,23556,37,186,1,1,0
1172,49,101836,17,227,1,0,0
1173,68,65098,39,126,1,0,0
1174,55,127169,48,237,2,0,0
1175,50,141060,46,64,1,0,1
1176,40,145544,48,341,0,1,0
1177,32,15340,39,263,3,0,0
1178,50,97302,4,257,4,0,1
1179,42,15138,30,218,0,1,0
1180,34,146430,30,329,2,1,0
1181,50,134619,22,195,1,1,0
1182,64,100376,66,312,1,1,0
1183,19,114931,12,53,2,0,0
1184,31,96532,36,139,2,0,0
1185,57,70778,18,109,0,1,0
1186,57,52772,53,65,1,1,0
1187,68,73478,71,276,1,0,0
1188,56,41762,1,78,1,0,0
1189,68,70568,58,200,2,1,0
1190,23,100090,6,294,2,0,0
1191,23,35219,70,319,2,0,0
1192,20,72169,44,128,1,0,1
1193,24,89965,24,338,3,0,1
1194,68,99754,19,202,4,0,0
1195,25,92988,18,326,2,0,0
1196,59,147379,30,328,2,1,0
1197,69,95388,42,106,0,0,0
1198,32,105768,33,235,2,0,0
1199,64,50428,12,142,3,0,1
1200,46,107021,27,325,1,1,0
1201,50,133418,39,207,1,0,1
1202,69,147212,9,324,2,0,0
1203,47,41421,21,230,0,1,0
1204,56,16708,29,126,2,0,1
1205,44,149702,33,200,1,0,0
1206,53,91021,62,287,1,0,0
1207,46,59789,15,338,1,1,1
1208,55,41086,2,280,1,1,1
1209,50,31859,52,67,0,1,0
1210,54,22684,44,122,2,0,0
1211,44,106088,54,238,0,1,0
1212,50,147279,18,66,0,0,0
1213,21,61099,3,68,2,1,0
1214,39,81093,7,268,4,1,0
1215,19,63651,43,169,0,0,0
1216,27,28893,38,150,1,1,0
1217,22,81418,37,83,2,0,0
1218,27,140074,58,133,1,0,0
1219,50,118065,33,245,1,1,1
1220,55,145351,59,251,0,0,1
1221,30,53635,11,60,1,0,0
1222,48,110071,68,267,0,0,1
1223,64,93518,68,302,0,1,0
1224,53,121233,22,271,2,0,1
1225,62,118651,66,129,0,0,0
1226,41,87805,44,56,1,1,0
1227,69,137813,6,321,3,0,1
1228,32,94063,42,276,4,0,1
1229,46,17454,25,65,1,1,0
1230,25,35878,57,61,1,0,0
1231,22,83344,55,340,2,1,0
1232,46,119946,16,290,0,0,0
1233,64,51593,14,70,2,1,0
1234,21,51304,39,227,4,1,1
1235,29,128613,28,277,2,0,1
1236,62,33354,51,322,1,0,0
1237,19,37190,49,337,0,1,0
1238,44,21142,9,346,6,0,1
1239,48,56862,58,183,1,0,0
1240,68,140438,45,332,1,1,0
1241,68,63456,22,202,4,1,0
1242,53,115167,32,115,1,1,0
1243,53,97035,69,186,1,0,0
1244,43,23016,69,141,0,0,0
1245,60,17384,42,308,2,1,0
1246,44,117239,53,152,1,1,0
1247,22,126431,59,104,3,1,1
1248,37,95018,39,306,3,1,1
1249,28,55510,15,150,2,1,0
1250,27,36826,71,247,0,0,1
1251,57,83026,29,275,1,1,0
1252,55,136668,3,286,0,0,1
1253,23,39045,10,75,6,0,1
1254,25,105102,29,170,3,0,0
1255,40,66919,35,231,2,1,0
1256,64,114441,6,248,4,1,0
1257,43,133325,12,304,0,0,1
1258,63,34337,38,171,0,0,0
1259,60,92949,19,80,2,0,0
1260,29,15276,67,334,2,1,0
1261,43,66151,8,155,2,1,0
1262,30,67887,8,273,0,0,0
1263,57,96442,47,322,2,1,0
1264,35,64847,4,281,3,0,1
1265,42,73653,51,305,1,0,1
1266,50,71622,67,73,5,0,0
1267,64,42810,45,158,0,1,0
1268,57,92842,8,240,2,0,0
1269,60,137225,16,74,0,1,0
1270,29,25503,67,236,1,0,1
1271,61,99761,9,337,0,0,0
1272,53,141439,60,165,1,0,0
1273,65,26590,71,86,4,0,0
1274,21,81624,15,331,2,0,0
1275,22,135356,71,186,2,1,0
1276,54,57727,41,276,5,0,1
1277,25,93471,22,231,2,1,1
1278,59,23068,24,135,0,0,0
1279,66,131923,44,102,1,0,0
1280,45,26390,1,284,5,0,1
1281,48,121752,10,316,1,1,1
1282,26,109754,56,336,1,0,1
1283,68,90969,50,149,2,0,0
1284,46,92064,12,136,2,1,0
1285,31,36281,60,64,2,0,1
1286,57,69189,26,150,0,1,0
1287,58,63511,41,214,4,0,1
1288,39,137115,36,78,0,1,0
1289,28,23605,23,163,2,0,1
1290,40,115318,43,156,2,1,0
1291,18,147453,6,179,3,0,0
1292,63,34810,69,133,2,0,0
1293,54,56869,43,320,3,0,1
1294,38,47955,25,293,0,0,0
1295,43,76388,18,263,2,1,0
1296,63,25207,62,215,3,0,0
1297,53,37031,13,328,2,0,1
1298,40,95807,43,108,0,0,1
1299,18,86312,28,139,1,0,0
1300,68,74766,18,243,1,0,0
1301,57,104833,59,172,1,0,0
1302,32,126041,60,185,4,1,1
1303,38,131185,63,188,2,1,0
1304,64,25350,57,278,2,0,1
1305,26,115859,51,323,1,1,1
1306,26,83487,56,99,1,0,0
1307,27,138853,27,167,1,0,1
1308,69,68117,32,251,4,0,0
1309,43,116084,9,240,1,0,1
1310,58,38782,68,230,1,0,0
1311,52,43454,46,127,4,1,1
1312,69,82904,67,124,2,1,0
1313,42,144936,26,344,1,0,0
1314,43,137258,8,330,4,0,0
1315,28,126668,6,70,0,1,0
1316,55,139184,24,220,1,0,0
1317,19,31566,48,64,2,1,0
1318,24,53333,45,260,2,0,0
1319,35,136929,13,97,2,0,1
1320,44,104571,69,135,1,0,0
1321,51,135263,25,198,1,1,0
1322,44,147661,20,237,0,1,0
1323,34,40235,66,200,1,0,0
1324,60,15159,45,190,1,1,0
1325,61,119859,47,118,3,0,1
1326,68,122507,63,309,1,0,0
1327,41,29743,55,58,2,1,1
1328,42,61101,19,170,1,0,0
1329,24,136534,35,150,1,0,0
1330,69,99227,53,198,3,0,0
1331,23,86126,26,195,1,1,0
1332,41,71071,14,292,0,1,0
1333,50,89763,45,290,1,1,0
1334,66,61154,44,92,4,0,1
1335,46,22016,65,144,3,1,1
1336,60,104678,51,275,1,0,0
1337,39,127056,43,55,1,1,0
1338,43,69238,23,263,2,0,0
1339,45,73608,56,255,0,0,1
1340,67,104081,19,116,1,0,0
1341,38,65961,55,149,3,1,1
1342,66,41917,60,61,0,1,0
1343,24,42990,59,286,1,0,0
1344,34,77551,33,307,3,0,1
1345,37,95811,19,184,5,1,0
1346,58,70103,28,271,2,0,1
1347,66,121122,52,205,1,1,0
1348,37,34008,49,191,1,1,0
1349,39,47402,37,207,0,0,0
1350,45,128550,26,311,3,0,1
1351,57,106218,40,332,1,0,1
1352,66,148296,38,278,2,0,0
1353,24,135779,54,329,2,0,0
1354,18,144714,22,339,1,1,0
1355,49,47441,16,217,2,0,0
1356,30,77368,28,96,2,0,0
1357,47,107122,35,252,1,1,0
1358,40,59760,60,263,1,1,1
1359,68,38478,45,295,2,1,0
1360,36,142881,46,73,0,0,0
1361,49,86854,55,323,0,1,0
1362,47,109230,26,93,1,1,0
1363,46,100716,25,205,0,0,0
1364,66,113538,65,248,2,0,0
1365,62,30372,6,211,4,0,0
1366,46,44796,23,283,2,1,1
1367,47,113826,64,212,4,0,0
1368,33,135592,43,165,2,1,0
1369,57,108635,23,142,6,1,1
1370,36,126022,30,91,0,0,0
1371,35,69040,18,333,1,0,1
1372,18,90357,21,259,1,0,0
1373,31,93356,57,255,4,0,1
1374,68,31211,23,269,2,1,0
1375,64,120426,45,329,2,1,1
1376,67,20842,44,185,2,0,0
1377,19,81852,47,155,1,1,0
1378,45,140737,40,167,0,0,0
1379,66,60968,51,286,1,0,0
1380,67,32508,42,149,1,0,1
1381,47,69575,7,310,2,0,0
1382,55,81914,50,335,1,1,1
1383,68,82055,48,152,4,1,0
1384,21,102697,6,112,2,0,1
1385,18,121239,9,224,1,0,0
1386,25,138106,57,331,0,0,1
1387,46,20355,31,342,1,0,0
1388,56,69120,21,275,3,1,0
1389,20,53342,40,56,2,1,0
1390,49,17257,45,176,2,1,0
1391,27,42364,49,141,3,0,1
1392,27,126715,20,239,1,0,1
1393,36,41654,17,102,4,0,1
1394,63,96423,28,291,4,0,1
1395,51,44320,41,181,2,0,0
1396,50,35808,66,161,3,0,1
1397,40,67389,25,56,3,0,0
1398,45,133581,58,279,1,1,0
1399,49,142927,41,205,2,1,0
1400,67,49773,6,246,0,0,0
1401,24,91396,38,272,1,1,0
1402,46,122692,6,299,0,0,0
1403,25,72505,45,132,0,0,1
1404,18,100896,14,289,2,1,1
1405,20,33135,66,312,1,0,1
1406,41,105887,40,238,2,1,0
1407,40,137118,3,339,1,0,1
1408,25,62377,24,107,3,0,0
1409,64,77491,19,58,3,0,0
1410,54,73283,18,164,2,1,0
1411,20,31923,64,259,1,1,0
1412,68,62591,35,90,1,1,0
1413,50,77261,62,222,0,1,1
1414,45,69336,1,283,0,0,1
1415,64,89083,25,330,3,0,0
1416,25,75948,45,127,3,1,1
1417,51,41672,49,157,3,0,1
1418,52,19213,16,330,0,1,0
1419,49,77507,19,88,2,0,0
1420,41,72134,23,168,1,0,0
1421,31,148172,25,76,1,0,0
1422,49,43172,16,153,3,1,0
1423,63,35132,54,123,2,1,0
1424,60,33199,1,240,2,0,1
1425,33,51609,42,196,1,0,0
1426,21,46881,19,304,2,0,0
1427,69,39472,34,333,2,0,0
1428,54,69131,55,262,0,1,0
1429,38,27828,18,172,2,0,0
1430,31,111664,34,255,1,0,1
1431,48,147473,45,289,0,0,0
1432,65,30193,6,335,3,0,0
1433,35,117518,21,71,0,1,0
1434,24,34611,70,308,1,0,0
1435,27,91240,48,154,1,0,0
1436,24,17745,39,307,1,1,1
1437,50,70243,31,253,4,0,0
1438,40,18866,10,311,1,1,0
1439,38,143681,30,156,1,0,0
1440,36,86354,18,300,3,0,1
1441,65,66374,60,270,2,0,1
1442,36,129397,15,271,0,0,0
1443,53,139577,4,307,0,0,1
1444,46,96029,63,250,3,0,1
1445,35,108574,40,307,1,0,0
1446,19,45431,9,274,1,0,1
1447,18,44336,9,251,0,1,0
1448,64,55992,26,275,2,1,0
1449,22,70350,4,285,2,0,1
1450,37,84561,16,232,1,0,0
1451,28,66955,15,249,3,1,0
1452,59,76240,52,295,6,1,0
1453,19,61607,69,160,1,0,0
1454,20,67870,5,55,3,0,1
1455,40,79110,20,285,0,0,1
1456,29,131895,18,176,1,0,0
1457,37,19426,2,153,2,1,0
1458,22,42606,13,286,0,1,1
1459,54,43151,4,204,1,1,0
1460,55,26308,42,306,2,0,1
1461,47,105306,61,284,1,0,1
1462,26,121984,8,338,1,1,0
1463,51,17204,67,89,1,0,0
1464,61,107769,63,337,0,0,0
1465,52,102265,9,246,0,0,1
1466,69,46131,11,322,3,0,1
1467,39,67428,42,313,0,0,1
1468,61,48870,13,106,0,0,0
1469,41,118547,36,347,3,1,0
1470,34,64067,13,147,0,1,0
1471,27,127217,12,186,2,0,0
1472,47,113934,37,136,4,1,0
1473,63,89707,52,291,1,0,0
1474,40,76215,71,248,1,0,0
1475,49,64429,2,133,3,1,1
1476,34,97152,56,291,0,0,0
1477,67,123048,60,330,3,0,0
1478,68,92240,23,301,2,1,0
1479,34,128688,40,239,2,1,1
1480,31,61473,64,201,0,0,1
1481,26,111762,23,327,1,0,1
1482,57,121956,29,188,4,0,1
1483,19,133452,51,225,1,0,0
1484,62,141311,69,57,0,0,0
1485,42,22006,31,344,2,0,0
1486,56,89218,50,284,1,1,1
1487,26,47430,20,212,1,0,0
1488,39,38091,55,98,3,0,1
1489,60,38989,2,87,0,0,0
1490,63,90451,25,185,4,0,0
1491,21,33990,13,268,0,1,0
1492,43,105270,70,345,2,0,1
1493,46,95360,67,83,2,1,0
1494,62,51081,58,128,0,1,0
1495,51,123272,64,285,4,1,0
1496,40,31241,69,322,0,0,0
1497,54,139932,59,210,1,1,0
1498,28,20939,60,224,2,0,0
1499,23,128000,62,270,0,0,0
1500,35,50063,16,58,1,0,0
1501,38,62118,68,338,1,0,0
1502,59,99703,15,162,1,0,1
1503,53,143557,55,254,2,0,0
1504,58,42076,35,235,1,0,1
1505,55,59605,55,246,0,1,0
1506,51,99565,14,315,0,0,1
1507,34,54121,49,311,4,0,1
1508,54,46433,7,297,1,1,0
1509,42,58309,30,164,1,0,0
1510,55,82468,49,170,1,1,0
1511,29,82293,16,190,1,1,0
1512,40,111258,51,114,3,0,1
1513,59,53405,42,325,0,0,0
1514,39,58527,17,288,2,1,0
1515,38,92227,63,59,2,1,0
1516,44,146564,45,282,1,1,0
1517,48,108344,7,244,3,0,0
1518,23,62153,27,61,2,1,0
1519,44,123042,10,226,1,0,1
1520,57,69110,34,226,1,0,0
1521,51,43328,36,266,1,0,0
1522,29,127911,25,60,2,0,0
1523,62,27867,6,167,3,1,0
1524,24,74234,24,213,1,1,0
1525,27,40851,18,88,2,1,0
1526,62,46279,6,102,2,0,0
1527,34,88402,29,267,0,0,0
1528,43,30449,25,255,3,1,0
1529,38,91221,55,105,0,0,0
1530,45,104080,46,167,1,1,0
1531,63,20451,24,302,1,1,1
1532,19,102178,26,335,1,1,1
1533,60,78761,28,317,2,0,0
1534,18,53870,3,340,1,1,1
1535,68,111566,38,229,5,1,1
1536,53,138749,61,284,0,0,0
1537,68,138765,51,245,1,1,0
1538,43,139881,48,129,1,0,0
1539,46,143389,21,184,1,0,0
1540,38,40372,54,71,1,1,0
1541,28,18642,56,274,2,1,0
1542,57,49064,59,107,2,1,0
1543,28,29122,51,142,1,0,0
1544,53,83431,20,241,1,0,1
1545,66,70745,59,152,4,1,0
1546,56,65081,71,56,2,0,1
1547,57,91253,9,177,1,0,1
1548,52,51191,1,104,1,0,0
1549,51,25211,29,280,1,0,0
1550,64,126086,63,111,0,1,0
1551,41,116971,56,289,0,1,0
1552,39,108783,68,139,3,0,0
1553,22,140681,35,281,2,0,1
1554,50,102893,3,282,1,0,1
1555,53,92960,7,341,1,0,0
1556,64,99388,27,201,1,0,0
1557,37,37601,1,194,3,0,1
1558,36,34710,71,179,0,1,0
1559,52,123714,44,190,1,1,0
1560,69,143727,41,142,1,0,0
1561,60,78227,42,163,0,1,0
1562,34,99289,33,333,1,1,1
1563,62,20722,50,192,0,0,0
1564,60,96050,63,272,0,0,0
1565,51,98596,37,281,0,0,0
1566,26,81732,59,82,1,0,0
1567,43,83323,48,325,2,1,0
1568,19,38816,5,219,1,1,1
1569,26,55695,48,189,1,0,0
1570,26,70841,3,250,1,1,1
1571,57,143498,47,72,1,1,0
1572,34,122096,62,273,2,0,1
1573,18,107764,14,319,2,0,1
1574,42,100744,63,202,0,1,0
1575,60,43482,61,134,3,1,0
1576,57,24171,31,158,3,1,0
1577,59,115755,17,80,0,1,0
1578,42,123125,24,278,1,0,0
1579,56,145722,23,289,4,0,0
1580,52,121082,50,190,1,0,0
1581,20,18696,70,205,1,0,0
1582,67,141310,27,348,1,1,1
1583,54,34149,15,148,1,1,0
1584,61,145064,50,96,1,1,0
1585,61,68521,36,116,1,0,1
1586,68,60740,8,111,2,0,0
1587,47,121611,3,158,1,0,1
1588,55,81641,62,216,0,0,0
1589,51,78811,47,86,1,1,0
1590,29,78232,61,168,0,0,0
1591,36,30417,32,135,0,1,0
1592,54,127492,13,101,3,1,0
1593,61,45099,1,140,1,0,1
1594,66,133474,34,338,0,0,0
1595,34,24256,62,347,1,1,0
1596,27,49681,71,253,3,0,1
1597,66,106328,31,287,2,1,0
1598,64,58361,64,204,1,0,0
1599,29,49540,25,289,1,0,1
1600,33,99700,38,185,1,0,0
1601,41,93532,14,113,1,0,0
1602,36,142626,8,172,2,1,0
1603,25,148943,54,303,3,0,1
1604,48,61002,2,163,2,1,0
1605,38,64812,56,69,0,1,0
1606,34,123946,61,65,1,1,0
1607,40,81668,22,194,0,0,0
1608,54,114003,35,257,2,1,0
1609,33,57998,16,68,3,0,0
1610,23,119601,50,215,0,0,0
1611,25,22812,43,87,0,1,0
1612,42,76844,17,230,1,0,0
1613,35,148251,58,154,2,1,0
1614,42,89601,2,149,1,0,1
1615,29,62857,4,139,2,1,1
1616,32,140555,39,349,3,0,1
1617,43,35700,6,128,1,1,0
1618,58,108330,69,122,3,1,1
1619,62,78353,69,225,0,0,0
1620,43,115772,20,145,0,0,0
1621,64,106502,64,152,1,1,0
1622,49,128943,16,273,0,0,1
1623,27,124850,51,55,3,0,0
1624,33,60095,37,171,2,0,0
1625,24,30523,69,285,0,1,0
1626,34,77433,42,165,2,1,0
1627,40,34991,57,212,1,1,0
1628,43,25775,66,275,0,1,0
1629,38,99995,9,279,4,1,0
1630,39,137808,64,231,1,0,1
1631,24,22415,22,298,1,0,0
1632,31,52044,34,259,0,0,0
1633,32,64976,55,193,2,1,0
1634,24,18832,29,145,1,1,0
1635,26,49148,38,293,0,0,1
1636,68,127230,18,135,3,1,0
1637,65,100076,71,233,0,0,0
1638,25,53402,65,170,3,1,1
1639,67,53578,1,141,4,0,1
1640,40,105453,4,119,3,0,1
1641,46,90715,4,182,2,1,1
1642,35,126435,27,328,0,1,0
1643,48,110742,43,186,3,0,0
1644,47,60475,59,236,1,0,0
1645,69,75142,32,270,0,1,0
1646,56,108526,33,95,3,1,0
1647,52,66001,28,327,1,1,0
1648,35,72649,55,241,0,0,0
1649,59,40711,60,57,4,1,0
1650,56,45106,70,325,1,1,1
1651,34,80458,62,228,0,1,0
1652,31,145429,34,88,2,1,0
1653,48,116754,56,342,0,0,0
1654,41,141479,13,227,2,0,0
1655,52,43884,56,211,1,1,0
1656,61,17708,18,153,1,0,0
1657,62,33375,54,210,0,1,0
1658,51,30088,43,336,3,0,0
1659,20,72615,39,172,0,0,0
1660,54,125138,61,103,1,0,0
1661,60,25014,42,83,0,1,0
1662,57,149345,18,291,2,0,0
1663,43,117842,23,162,1,1,0
1664,40,93077,54,72,1,0,0
1665,61,67874,30,95,2,1,0
1666,56,84087,58,184,3,0,1
1667,32,27297,68,167,1,0,1
1668,66,42128,67,238,5,1,1
1669,21,83368,71,180,2,0,1
1670,46,93958,18,261,1,0,0
1671,39,47920,7,162,0,1,0
1672,42,148872,40,93,2,0,0
1673,30,148682,70,177,3,0,0
1674,35,92603,65,207,4,0,1
1675,50,48872,68,322,1,0,0
1676,33,25728,49,94,1,0,1
1677,62,110102,52,157,1,0,0
1678,59,137049,29,268,0,1,0
1679,61,35583,21,226,1,0,0
1680,19,100774,9,277,3,1,1
1681,52,141374,47,240,1,0,0
1682,59,106118,42,209,1,0,0
1683,51,80942,51,316,3,0,1
1684,47,28689,56,239,1,1,0
1685,30,48276,51,224,1,1,0
1686,30,116968,70,339,1,1,0
1687,35,28050,20,194,4,0,1
1688,49,81216,27,281,4,1,0
1689,49,99040,38,253,0,1,0
1690,52,36644,65,262,1,0,0
1691,56,77021,54,89,3,0,0
1692,63,57291,24,324,1,0,1
1693,69,147610,47,131,1,1,0
1694,46,56520,71,230,2,0,0
1695,66,40675,63,132,1,1,0
1696,46,15174,57,311,1,0,1
1697,61,107268,55,321,1,0,1
1698,33,49998,60,249,1,0,0
1699,61,120410,62,289,2,0,0
1700,64,90225,30,229,2,0,0
1701,27,59814,22,220,0,0,0
1702,47,100091,29,344,1,1,0
1703,42,65719,41,226,0,0,0
1704,56,144887,42,286,1,0,0
1705,37,48919,65,187,1,0,0
1706,22,88155,31,178,2,0,0
1707,18,86569,30,98,0,0,0
1708,47,56328,18,213,2,0,0
1709,66,39618,17,326,2,0,0
1710,20,49675,38,342,4,0,0
1711,62,33919,14,165,2,1,0
1712,31,19173,56,73,1,0,0
1713,47,124369,22,74,0,0,0
1714,67,41400,67,176,1,0,0
1715,21,85305,56,283,1,0,1
1716,35,103791,19,258,1,1,0
1717,54,85533,57,142,0,0,0
1718,42,118591,44,143,1,0,0
1719,65,146060,35,274,1,1,0
1720,18,54194,1,329,4,0,1
1721,63,124903,52,60,2,1,0
1722,32,146461,70,61,0,1,0
1723,26,114303,37,84,0,0,1
1724,32,128903,65,277,2,0,0
1725,66,82391,51,269,1,0,1
1726,41,73002,1,190,1,0,0
1727,21,50531,21,72,4,0,0
1728,29,19986,53,132,0,0,0
1729,54,47298,16,278,3,1,0
1730,54,16481,61,129,0,0,0
1731,60,71408,54,339,1,1,0
1732,23,136950,40,208,0,1,0
1733,56,140355,26,177,2,1,0
1734,63,42798,65,239,2,0,0
1735,41,106649,64,80,2,0,0
1736,28,79887,43,64,3,1,1
1737,30,34477,17,124,4,1,0
1738,51,142815,59,83,3,1,1
1739,42,142426,23,245,4,1,0
1740,24,39335,7,78,5,0,0
1741,69,101610,44,243,1,0,0
1742,21,26442,53,65,2,0,0
1743,25,61289,71,126,0,1,1
1744,37,68747,34,342,0,0,1
1745,46,52327,46,130,0,1,0
1746,68,87827,68,173,0,1,0
1747,62,121464,16,68,1,1,0
1748,63,146184,71,151,0,0,0
1749,27,102051,19,126,0,0,0
1750,60,74722,2,278,2,1,0
1751,51,107036,10,346,2,0,0
1752,43,81960,50,252,1,0,0
1753,58,34552,12,110,1,0,0
1754,66,15887,70,75,1,0,0
1755,20,46802,22,120,2,0,0
1756,23,100024,32,152,1,1,0
1757,22,133639,1,206,1,1,0
1758,22,133248,54,243,0,1,0
1759,64,96938,58,324,2,0,0
1760,40,137746,70,235,0,1,0
1761,66,41049,18,162,1,1,0
1762,26,92789,6,214,1,1,0
1763,52,99526,45,110,1,1,0
1764,37,61220,23,141,0,1,0
1765,66,61163,23,335,1,0,0
1766,59,149837,26,202,2,1,0
1767,52,132126,7,274,1,0,1
1768,67,96486,44,176,4,0,1
1769,35,90277,27,242,1,1,1
1770,34,119245,26,164,1,0,0
1771,41,137332,36,311,3,0,1
1772,20,37931,55,67,3,1,0
1773,49,104116,64,59,1,1,0
1774,52,70633,57,141,1,0,0
1775,55,66913,69,188,0,1,0
1776,30,109776,61,101,2,0,0
1777,64,40991,2,244,0,0,1
1778,42,119092,55,255,2,0,1
1779,26,110556,38,336,0,0,0
1780,21,77875,29,142,0,0,0
1781,31,77120,26,194,2,0,0
1782,54,148060,35,135,1,1,0
1783,51,125041,67,202,2,1,0
1784,28,143467,29,51,2,1,0
1785,58,133490,34,309,2,1,1
1786,20,141155,41,213,3,0,1
1787,45,43230,41,55,1,1,0
1788,46,74778,23,198,2,1,0
1789,26,60833,71,254,2,0,1
1790,20,37625,3,167,1,0,0
1791,42,47088,58,138,2,1,0
1792,51,118937,32,203,1,1,0
1793,29,91361,31,216,3,1,1
1794,59,103229,43,210,2,0,0
1795,26,105265,7,319,2,0,0
1796,32,112718,1,105,2,0,0
1797,57,75710,61,277,1,1,1
1798,42,109876,14,198,0,0,0
1799,22,45949,52,95,1,0,0
1800,28,83136,6,193,4,0,0
1801,51,126541,10,287,1,1,0
1802,41,76842,71,321,1,0,1
1803,32,41990,30,169,1,0,0
1804,55,45109,21,269,0,1,0
1805,25,145356,60,57,0,1,0
1806,22,143133,63,324,3,0,1
1807,65,16306,42,115,0,0,0
1808,43,18849,51,128,1,1,0
1809,35,27360,64,135,1,0,0
1810,23,126072,56,173,2,1,0
1811,54,109767,41,251,1,1,0
1812,65,69330,32,199,2,0,1
1813,30,66707,15,95,1,1,0
1814,45,33689,62,162,0,1,0
1815,22,44084,27,140,0,0,0
1816,30,55387,28,190,2,0,0
1817,34,89816,64,338,3,1,1
1818,67,17642,59,267,2,0,0
1819,57,57137,58,126,0,1,0
1820,62,77260,2,201,0,1,0
1821,49,63442,36,288,3,0,0
1822,46,118061,71,164,3,1,0
1823,68,149066,13,143,1,1,0
1824,20,140844,15,97,2,0,1
1825,57,114575,60,240,1,0,0
1826,51,16813,22,61,1,1,0
1827,57,108027,63,205,2,0,0
1828,44,138489,25,221,2,0,0
1829,30,99381,48,345,4,1,1
1830,62,70276,43,226,3,1,1
1831,50,56243,38,106,2,1,0
1832,23,75272,41,252,1,0,1
1833,41,80618,45,234,3,0,0
1834,36,16920,40,170,0,0,0
1835,33,121121,17,275,3,1,1
1836,57,91872,57,251,1,1,0
1837,45,96132,2,265,0,0,0
1838,50,17093,62,92,2,0,1
1839,65,27905,9,72,1,1,0
1840,58,136759,68,204,0,0,0
1841,30,45981,17,235,0,0,0
1842,60,88903,50,298,1,1,0
1843,62,85821,40,286,1,0,1
1844,42,124200,58,342,1,1,0
1845,59,97289,21,183,3,1,0
1846,53,131506,18,71,1,0,0
1847,44,93513,55,137,0,0,0
1848,55,65516,29,202,2,0,1
1849,24,84212,24,174,3,1,0
1850,22,148498,17,128,1,0,0
1851,60,145970,18,100,3,1,0
1852,62,105009,42,265,1,1,0
1853,68,59816,45,225,3,1,1
1854,48,19138,17,302,1,0,0
1855,40,106176,14,295,4,1,1
1856,59,90945,49,276,2,1,0
1857,27,19017,29,155,2,0,1
1858,49,25451,4,242,3,0,0
1859,60,108863,20,85,1,0,0
1860,47,25278,47,253,1,0,0
1861,56,58764,9,316,1,1,0
1862,48,138030,27,317,3,0,0
1863,35,147206,15,219,1,1,0
1864,53,77943,19,88,1,1,0
1865,19,110667,52,188,4,1,0
1866,31,69318,26,341,1,1,1
1867,30,118423,26,101,0,0,0
1868,46,118998,26,336,2,1,0
1869,29,75128,46,338,2,0,0
1870,56,36869,49,190,3,0,0
1871,19,20039,53,195,1,0,1
1872,49,127935,3,233,2,1,1
1873,30,25442,66,201,1,1,0
1874,63,88788,42,250,1,0,1
1875,44,134729,19,177,1,0,0
1876,66,42586,17,336,1,1,0
1877,58,68053,33,302,2,0,1
1878,34,101346,49,315,2,0,0
1879,57,82087,56,237,1,1,0
1880,48,49397,63,279,2,0,1
1881,51,73671,3,320,3,0,1
1882,41,131214,49,308,0,0,0
1883,62,81897,55,348,1,0,1
1884,52,29924,26,247,0,0,1
1885,65,128143,52,105,3,0,1
1886,23,125253,7,252,5,0,0
1887,36,115297,46,320,0,0,0
1888,47,15869,46,158,2,1,0
1889,24,112088,16,165,0,1,0
1890,27,16014,24,141,3,0,0
1891,58,25103,61,187,2,1,0
1892,49,125317,54,106,0,0,0
1893,51,97409,62,99,3,0,0
1894,45,38248,1,120,0,0,0
1895,32,23024,49,131,2,0,0
1896,47,100947,25,154,0,1,0
1897,54,106829,10,137,4,0,1
1898,46,107708,16,51,3,0,0
1899,39,101664,58,133,1,1,0
1900,21,100178,29,92,1,0,1
1901,37,116121,6,203,1,0,0
1902,49,35025,16,143,0,0,0
1903,53,78610,20,347,0,0,1
1904,67,85843,71,182,2,0,0
1905,21,122237,43,114,2,0,0
1906,44,145299,26,339,2,0,0
1907,34,20668,71,306,0,0,1
1908,29,88233,33,262,0,1,0
1909,39,96982,26,197,1,1,0
1910,34,121133,45,110,1,1,0
1911,27,25751,63,198,0,1,0
1912,18,61218,67,137,4,1,0
1913,39,141649,52,327,2,1,1
1914,43,22352,68,131,1,1,0
1915,35,103835,26,178,1,0,0
1916,67,112493,2,335,1,1,1
1917,31,43927,14,329,0,0,0
1918,64,116948,30,319,0,1,1
1919,46,44493,49,341,0,0,0
1920,29,46707,12,252,1,1,0
1921,53,50842,44,73,0,0,0
1922,52,28261,33,257,4,0,0
1923,69,91709,13,329,0,0,0
1924,29,110985,26,254,1,0,0
1925,24,121616,21,201,2,0,0
1926,46,82173,28,75,2,0,0
1927,28,46781,48,243,2,0,0
1928,50,28652,40,287,1,0,0
1929,23,20103,66,124,4,1,0
1930,64,40500,23,212,3,0,0
1931,32,115336,48,348,0,0,1
1932,49,128499,2,78,1,1,1
1933,68,64393,20,214,1,0,0
1934,28,62406,59,235,1,0,0
1935,40,78059,46,103,4,0,0
1936,43,97722,3,344,0,1,1
1937,51,27356,55,91,4,0,0
1938,63,143128,12,334,0,0,0
1939,51,17187,40,187,2,1,0
1940,46,92243,66,236,1,0,1
1941,21,50098,16,253,1,1,0
1942,34,149678,34,91,3,0,0
1943,52,72620,44,337,1,0,0
1944,30,141270,6,75,2,1,0
1945,58,29387,64,105,0,0,0
1946,56,84463,22,302,0,1,0
1947,32,148663,18,171,1,1,0
1948,46,106683,12,155,4,0,0
1949,46,77061,52,179,4,1,0
1950,28,96257,51,207,1,0,0
1951,69,76753,71,280,1,1,1
1952,49,99774,48,140,1,0,0
1953,19,38408,19,71,3,0,1
1954,64,139116,6,339,0,0,0
1955,31,146208,27,159,0,0,0
1956,37,32413,53,98,2,0,0
1957,39,128650,48,178,3,1,1
1958,28,74500,7,122,0,1,0
1959,44,99514,59,102,1,0,1
1960,20,71358,69,217,1,0,0
1961,34,81197,11,94,0,1,0
1962,61,91240,15,154,4,0,1
1963,45,31322,64,199,0,0,1
1964,46,128053,3,195,0,0,1
1965,38,21968,69,253,1,0,1
1966,64,42518,23,348,0,0,0
1967,33,66925,53,216,1,1,0
1968,54,126900,37,250,1,1,0
1969,37,108422,9,183,1,0,0
1970,23,16700,15,260,1,1,1
1971,36,108782,3,97,2,0,1
1972,22,38199,70,175,2,0,1
1973,20,20520,17,288,0,0,0
1974,18,124814,26,56,0,0,0
1975,55,138364,21,321,0,0,1
1976,32,29955,21,86,0,0,0
1977,51,79925,11,260,4,0,1
1978,52,122216,38,214,1,0,0
1979,66,85269,35,174,2,1,0
1980,42,56458,14,241,1,1,1
1981,41,104037,14,267,0,0,0
1982,29,114977,10,263,2,1,0
1983,35,58939,12,111,1,1,0
1984,32,44345,38,210,0,1,0
1985,61,125107,34,115,2,0,0
1986,33,136866,41,335,2,0,0
1987,44,84166,10,288,0,1,1
1988,25,112406,17,69,1,0,0
1989,63,64298,17,237,2,0,0
1990,42,59942,67,131,0,0,0
1991,34,18453,62,251,1,1,0
1992,46,117811,1,181,3,1,0
1993,25,69935,12,86,5,0,0
1994,32,137439,4,181,2,0,0
1995,44,23328,42,126,0,1,0
1996,63,30534,13,138,1,0,0
1997,67,100280,4,302,2,0,1
1998,69,51320,69,243,2,0,1
1999,24,64170,19,225,3,1,0
2000,20,115546,2,82,2,1,0
